{
  "mode": "thermo_specific_heat",
  "model": "gpt2-medium",
  "cells": [
    {
      "model": "gpt2-medium",
      "hf_name": "gpt2-medium",
      "domain": "induction",
      "n_samples": 32,
      "n_layers": 24,
      "rel_depth": [
        0.0,
        0.0435,
        0.087,
        0.1304,
        0.1739,
        0.2174,
        0.2609,
        0.3043,
        0.3478,
        0.3913,
        0.4348,
        0.4783,
        0.5217,
        0.5652,
        0.6087,
        0.6522,
        0.6957,
        0.7391,
        0.7826,
        0.8261,
        0.8696,
        0.913,
        0.9565,
        1.0
      ],
      "entropy_H": [
        2.5371,
        2.2297,
        2.2087,
        1.8632,
        1.4665,
        1.2028,
        1.1449,
        1.3096,
        1.4886,
        1.2801,
        1.6178,
        1.4108,
        1.133,
        0.9644,
        1.0489,
        1.1563,
        0.9308,
        1.0511,
        1.1275,
        1.1929,
        1.2186,
        1.2476,
        1.6151,
        1.8177
      ],
      "specific_heat_C": [
        0.333946,
        0.808691,
        0.792365,
        1.018927,
        1.310177,
        1.356701,
        1.408536,
        1.305389,
        1.471779,
        1.397727,
        1.333621,
        1.455003,
        1.524536,
        1.529527,
        1.561514,
        1.642178,
        1.654562,
        1.605069,
        1.506153,
        1.611686,
        1.51,
        1.475312,
        1.385524,
        1.170695
      ],
      "null_C": [
        0.333946,
        0.808691,
        0.792365,
        1.018927,
        1.310177,
        1.356701,
        1.408536,
        1.305389,
        1.471779,
        1.397727,
        1.333621,
        1.455003,
        1.524536,
        1.529527,
        1.561514,
        1.642178,
        1.654562,
        1.605069,
        1.506153,
        1.611686,
        1.51,
        1.475312,
        1.385524,
        1.170695
      ],
      "null_level_mean": 1.340401,
      "peak": {
        "peak_layer": 16,
        "peak_rel_depth": 0.6957,
        "peak_C": 1.654562
      },
      "peak_rel_depth_per_prompt": [
        0.6522,
        0.9565,
        0.6522,
        0.8261,
        0.8261,
        0.6087,
        0.5652,
        0.6957,
        0.8261,
        0.6522,
        0.7391,
        0.6957,
        0.913,
        0.9565,
        0.6522,
        0.6957,
        0.7391,
        0.6522,
        0.6087,
        0.6522,
        0.8261,
        0.6522,
        0.6957,
        0.6522,
        0.8261,
        0.6522,
        0.8261,
        0.9565,
        0.4348,
        0.6957,
        0.6957,
        0.8261
      ],
      "peak_rel_depth_spread": 0.5217,
      "peak_over_null": 1.2344,
      "verdict": "smooth",
      "wall_s": 8.4
    },
    {
      "model": "gpt2-medium",
      "hf_name": "gpt2-medium",
      "domain": "relation_composition",
      "n_samples": 32,
      "n_layers": 24,
      "rel_depth": [
        0.0,
        0.0435,
        0.087,
        0.1304,
        0.1739,
        0.2174,
        0.2609,
        0.3043,
        0.3478,
        0.3913,
        0.4348,
        0.4783,
        0.5217,
        0.5652,
        0.6087,
        0.6522,
        0.6957,
        0.7391,
        0.7826,
        0.8261,
        0.8696,
        0.913,
        0.9565,
        1.0
      ],
      "entropy_H": [
        2.6544,
        2.3477,
        2.29,
        1.9226,
        1.5266,
        1.2598,
        1.1865,
        1.3609,
        1.5661,
        1.2886,
        1.5933,
        1.4493,
        1.3646,
        1.0951,
        1.2554,
        1.3332,
        0.9801,
        1.1841,
        1.4122,
        1.4917,
        1.5954,
        1.5333,
        1.8607,
        2.0741
      ],
      "specific_heat_C": [
        0.347517,
        0.825803,
        0.865112,
        1.041266,
        1.358549,
        1.381077,
        1.466934,
        1.445545,
        1.565073,
        1.541317,
        1.494068,
        1.633081,
        1.640579,
        1.945909,
        1.769004,
        1.766905,
        1.743659,
        1.761892,
        1.6446,
        1.67395,
        1.545649,
        1.460886,
        1.356562,
        1.143656
      ],
      "null_C": [
        0.347517,
        0.825803,
        0.865112,
        1.041266,
        1.358549,
        1.381077,
        1.466934,
        1.445545,
        1.565073,
        1.541317,
        1.494068,
        1.633081,
        1.640579,
        1.945909,
        1.769004,
        1.766905,
        1.743659,
        1.761892,
        1.6446,
        1.67395,
        1.545649,
        1.460886,
        1.356562,
        1.143656
      ],
      "null_level_mean": 1.434108,
      "peak": {
        "peak_layer": 13,
        "peak_rel_depth": 0.5652,
        "peak_C": 1.945909
      },
      "peak_rel_depth_per_prompt": [
        0.8261,
        0.5652,
        0.5652,
        0.6087,
        0.5652,
        0.5652,
        0.7391,
        0.5652,
        0.5652,
        0.5652,
        0.5652,
        0.7391,
        0.6957,
        0.5652,
        0.5652,
        0.5217,
        0.6957,
        0.6957,
        0.6087,
        0.5652,
        0.5652,
        0.5652,
        0.8261,
        0.5652,
        0.5652,
        0.5652,
        0.5652,
        0.5652,
        0.5652,
        0.6957,
        0.5652,
        0.5652
      ],
      "peak_rel_depth_spread": 0.3044,
      "peak_over_null": 1.3569,
      "verdict": "smooth",
      "wall_s": 11.2
    }
  ],
  "verdict": "SMOOTH \u2014 C(L) peaks do not exceed shuffled-logit null by 2x."
}